{
  "sizes": [
    1000,
    5000,
    10000,
    50000,
    100000,
    500000,
    1000000
  ],
  "linear_worst": [
    0.055503949988633394,
    0.17040950478985906,
    0.5006721476092935,
    2.013570605777204,
    3.4703710465691984,
    36.68510589050129,
    37.95740925706923
  ],
  "linear_avg": [
    0.025341450236737728,
    0.08674870477989316,
    0.24743805406615138,
    0.871290301438421,
    1.719342393334955,
    18.204970250371844,
    17.668683850206435
  ],
  "binary_worst": [
    0.0014102552086114883,
    0.0017530517652630806,
    0.0022603897377848625,
    0.0022646039724349976,
    0.0022704480215907097,
    0.005126092582941055,
    0.002794596366584301
  ],
  "binary_avg": [
    0.0013030599802732468,
    0.0014519551768898964,
    0.0016293488442897797,
    0.0018342514522373676,
    0.003200257197022438,
    0.0042029074393212795,
    0.0025259563699364662
  ]
}